{"s": 0.0583605265236897, "f": 0.8717145516889725, "u0": 11.381207739725383, "v0": 73.54489049480549, "dX": 0.03139678609370861, "dY": 0.2845680907024213, "dZ": 0.8535825192791971, "m_x": 56.501900341484436, "m_y": -21.017879676452647, "gamma": 53.68133990504867, "r0": 39.799113345330674, "r1": 97.66231007445603, "r2": -14.832253069067688}