{"s": 0.04111550783167328, "f": 3.6739181550705737, "u0": 16.797684751489527, "v0": 46.6285581841117, "dX": -0.44687903993370903, "dY": -0.20688263493969655, "dZ": 1.8312095047778165, "m_x": 9.62842870934834, "m_y": 6.249629003035729, "gamma": -31.59852081676464, "r0": 60.18098746567061, "r1": 13.86222494636383, "r2": -108.05489822439644}