{"3D_2D_Matrix": {"s": 0.02090636009844593, "f": 7.483001067955004, "u0": 191.13262352817057, "v0": -16.646895891018552, "dX": 0.3555859374708551, "dY": 0.38268506807407704, "dZ": 1.892087593581206, "m_x": 9.824758111119154, "m_y": 3.1049914314524654, "gamma": 15.991478196679635, "r0": -4.708988583322258, "r1": 24.1571943948546, "r2": -17.773962628472884}, "ROI_info": {"Distance_m": 0.51, "Distance_px": 149.88}}