{
	"class_name" : "PinholeCameraParameters",
	"extrinsic" : 
	[
		-0.99078401245269743,
		-0.074676644827891492,
		0.11300636878239263,
		0.0,
		-0.1294753037310441,
		0.76721448560057381,
		-0.62818634083240055,
		0.0,
		-0.039789274834898136,
		-0.63702851725954623,
		-0.76981262772587522,
		0.0,
		0.074894503362540971,
		-1.2695882559902856,
		-0.48759466664856738,
		1.0
	],
	"intrinsic" : 
	{
		"height" : 983,
		"intrinsic_matrix" : 
		[
			851.30297192010323,
			0.0,
			0.0,
			0.0,
			851.30297192010323,
			0.0,
			959.5,
			491.0,
			1.0
		],
		"width" : 1920
	},
	"version_major" : 1,
	"version_minor" : 0
}