{
	"class_name" : "PinholeCameraParameters",
	"extrinsic" : 
	[
		0.68814275555499915,
		-0.09239311229211436,
		0.71966871599240001,
		0.0,
		-0.72228550285978721,
		-0.18157382706488123,
		0.66733394764810006,
		0.0,
		0.069015942620218276,
		-0.97902730203298693,
		-0.19168291926578485,
		0.0,
		0.067852740050190818,
		-1.8845656891611018,
		1.535372852228214,
		1.0
	],
	"intrinsic" : 
	{
		"height" : 400,
		"intrinsic_matrix" : 
		[
			346.41016151377551,
			0.0,
			0.0,
			0.0,
			346.41016151377551,
			0.0,
			299.5,
			199.5,
			1.0
		],
		"width" : 600
	},
	"version_major" : 1,
	"version_minor" : 0
}