{
	"class_name" : "PinholeCameraParameters",
	"extrinsic" : 
	[
		1.0,
		-0.0,
		-0.0,
		0.0,
		0.0,
		-1.0,
		-0.0,
		0.0,
		0.0,
		-0.0,
		-1.0,
		0.0,
		-0.0026835409706136293,
		-1.0000000000287557e-06,
		2.3941964270528486,
		1.0
	],
	"intrinsic" : 
	{
		"height" : 1115,
		"intrinsic_matrix" : 
		[
			965.61832521964914,
			0.0,
			0.0,
			0.0,
			965.61832521964914,
			0.0,
			1023.5,
			557.0,
			1.0
		],
		"width" : 2048
	},
	"version_major" : 1,
	"version_minor" : 0
}