{"s": 0.04352159375755418, "f": 2.3995832888434183, "u0": 1.2757666922512487, "v0": 53.1537699107816, "dX": 0.08409613008802548, "dY": -2.291807691911745, "dZ": 1.285896687189362, "m_x": 22.60455853719941, "m_y": 6.944895012127239, "gamma": -5.872278990431157, "r0": 67.00253350297396, "r1": 66.6112975928463, "r2": -69.46246415107863}