{"s": 0.015538387711325548, "f": 4.4489790053403135, "u0": 19.403049668165227, "v0": -13.247586247919495, "dX": 1.3067725963152028, "dY": 0.980941230190697, "dZ": 1.993537163716053, "m_x": -0.9229317488873512, "m_y": 3.5315987288304482, "gamma": 10.280925459855608, "r0": -18.0510673093766, "r1": 38.74365499947916, "r2": -23.729010482303458}