{"s": 0.051671304533038365, "f": 3.511643039228533, "u0": 1.7519495592158214, "v0": 63.06819506471589, "dX": 0.6845001827701754, "dY": -7.022640025375803, "dZ": 1.303067685872053, "m_x": 17.938411630371448, "m_y": 0.08417747525030415, "gamma": 2.878977340449536, "r0": 55.45575659329935, "r1": 67.65565428271054, "r2": -63.37929905219951}