{"s": 0.0009269520394887845, "f": 5.484407159966169, "u0": 3.5738425037214996, "v0": 3.6627800121795655, "dX": 2.2030140291003115, "dY": 0.42684325597845646, "dZ": 1.889390871163074, "m_x": 0.04728497451691265, "m_y": 0.4122694287901452, "gamma": 0.5682496152287303, "r0": -16.853006292234422, "r1": 22.474668245756344, "r2": 57.09882971994458}